Actual Name,Romanized Name
白いツバサ,Shiroi Tsubasa
ナチュラルモード,Natural Mode
しじまに華ひととき,Shijimani Hana Hitotoki
ぐうぜんBOOKS,Guuzen BOOKS
手作りの心遣い,Tedzukuri no Kokorodzukai
マフラー直して、心は解けて,"Muffler Naoshite, Kokoro wa Tokete"
落下予測地点,"Rakka Yosoku Chiten"
キネマ・リリックで夢見て,Cinema Lyric de Yumemite
小さな夜のトロイメライ,Chiisana Yoru no Träumerei
チエルアルコは流星の,Chieralco wa Ryuusei no
ばってん長崎恋岬,Batten Nagasaki Koimisaki
ビ～♡バップ海岸,Bebop Kaigan
は～と♡に火をつけて,Heart ni Hi wo tsukete
裏腹あまのじゃく,Urahara Amanojaku
夕つ方まみみチック,Yuutsugata Mamimi Tick
そのまみみ無気力につき,"Sono Mamimi Mukiryoku Nitsuki"
秘めやかファンサービス,Himeyaka Fan Service
ふれあい、おもいあい,"Fureai, Omoiai"
カラフルメタモルフォーゼ,Colorful Metamorph
雨色、上機嫌,"Amairo, Joukigen"
お願い、ただの少女がいい,"Onegai, Tada no Shoujo ga Ii"
包・帯・組・曲,Hou Tai Kumi Kyoku
伝・伝・心・音,Den Den Shin On
白・白・白・祈,Shiro Shiro Shiro Inori
天・天・白・布,Ama Ama Hakufu
マメ丸と一緒！,Mamemaru to Issho!
デコって！ハッピークッキー,Dekotte! Happy Cookie
純真チョコレート,Junshin Chocolate
よろしく♡めしませっ,Yoroshiku Meshimase
バッドガールの羽ばたき,Bad Girl no Habataki
オフデーゲーム,Off the Game
想ひいろは,Souhi Iroha
凛凛、凛世,"Rinrin, Rinze"
微熱風鈴,Binetsu Fuurin
ふらここのうた,Furakoko no Uta
ストイックトレーニング,Stoic Training
カトレアの花言葉,Cattlea no Hanakotoba
似合うかな？,Niaukana?
甜花ちゃんといっしょ☆,Tenka-chan to Issho
ふたつの雨,Futatsu no Ame
秘密のだらだらタイム,Himitsu no Daradara Time
シンメトリー・プールサイド,Symmetry Poolside
氷上バンビーナ,Hyoujou Bambina
お日様染めのマリーナ,Ohisama Some no Marina
マイフェイバリット,My Favorite
一夏一刻物語,Hitonatsu Ikkoku Monogatari
よそゆき顔のセレナーデ,"Yosoyukigao no Serenade"
さかさま世界,"Sakasama Sekai"
かしゃーんとがらがら,"Kashaan to Garagara"
ザ・冬優子イズム,"The Fuyukoism"
水×天カイヤナイト,"Suiten Kyanite"
気になる！？染めちゃう！？,"Kininaru!? Somechau!?"
てへっ♪,"Tehe"
ほわっとスマイル,Howatto Smile
ハ♡トフェルトゥギフト,Heartfelt Gift
はじけてスマイル,Hajikete Smile
柔らかな微笑み,Yawarakana Hohoemi
淡雪の戯れ,Awayuki no Tawamure
伸ばす手に乗せるのは,Nobasute ni Noseruno wa
金色の元気いっぱいガール,Kin'iro no Genki Ippai Girl
夏に恋するピチカート！,Natsu ni Koisuru Pizzikato!
シュカのまにまに,Ska no Manimani
ばりうまかブルース,Bariumaka Blues
月の浜辺で待っとって,Tsuki no Hamabe de Mattotte
風吹く丘にはよ来んね,Kaze Fukuoka ni Hayo Kunne
トリッキーナイト,Tricky Night
摩的・アンチテーゼ,Mateki Antithesis
パープル・ミラージュ,Purple Mirage
紺碧のボーダーライン,Konpeki no Borderline
幸福のリズム,Koufuku no Rhythm
お試し／みつゴコロ,Otameshi Mitsugokoro
それなら目をつぶりましょう,Sorenara Me wo Tsuburimashou
霧・音・燦・燦,Kiri Ne San San
夕・音・鳴・鳴,Yuu Ne Mei Mei
菜・菜・輪・舞,Nana Rinbu
第２形態アーマードタイプ,Dai 2 Keitai Armor Drive
新装備・バブルバスター！,Shinshoubi Bubble Buster!
潮騒のシーショア,Shiosai no Seashore
ちょこ色×きらきらロマン,Chocoiro Kirakira Romance
あそ→と♡ちよこれいと,Assort Chiyocolate
かきまぜたら＊ミルク,Kakimazetara Milk
ラムネ色の覚悟,Ramuneiro no Kakugo
とびっきりジンジャー,Tobikkiri Ginger
曲がり角のランウェイ,Magarikado no Runway
杜野凛世の印象派,Morino Rinze no Inshousha
凛世花伝,Rinze Kaden
水色感情,Mizuiro Kanjou
アルティメットマーメイド,Ultimate Mermaid
メイドインナツハ,Made In Natsuha
スタンバイオッケー,Standby OK
ゆらゆらアクアリウム,Yurayura Aquarium
事務所。静寂。大輪の華,"Jimusho. Shijima. Dairin no Hana"
好きなものはなんですか？,"Sukinamono wa Nandesuka?"
マイ・ピュア・ロマンス,My Pure Romance
シークレット・ヒロイン,Secret Heroine
サマーハニー・シーズン,"Summer Honey Season"
ジャンプ！スタッグ！！！,"Jump! Stag!!!"
アイドルのたまご,Idol no Tamago
２８３プロのヒナ,283Pro no Hina
天然色ピクニック,Ten'nenshoku Picnic
音、雨、パシャ、リ,"Oto, Ame, Pasha, RI"
克服の特訓,Kokufuku no Tokkun
遊び疲れて……,Asobi Tsukarete...
魔法の階段を上って……,Mahou no Kaidan wo Nobotte
RPGのススメ,RPG no Susume
友情の花吹雪,Yuujou no Hanafubuki
友達という灯り,Tomodachi to iu Akari
アイムカミングスーン,"I'm Coming Soon"
サンシャインシエスタ！,"Sunshine Siesta!"
やけん、なんの話～！？,"Yaken, Nanno Hanashi~!?"
と～りゃんせ！,Tooryanse!
カラフルポップMIX,Colorful Pop MIX
アーリー・ナチュラリィ,"Early Naturally"
雲間のモーメント,Kumoma no Moment
マジカル＊スカイレース,Magical Skyrace
咲耶と摩美々のぶらり旅,"Sakuya to Mamimi no Buraritabi"
輪になって,Wa ni Natte
メロウビート・スローダウン,Mellowbeat Slowdown
綿毛ノ想,Watage no Sou
娘・娘・金・魚,Jou Jou Kin Gyo
放課後スノーガールズ！,Houkago Snow Girls!
無敵の証！五紋章！,Muteki no Akashi! Gomonshou!
迷走チョコロード,Meisou Chocoroad
Best☆Great☆サマー！,"Best Great Summer!"
意地っ張りサンセット,Ijippari Sunset
３名様極楽旅行記,Sanmeisama Gokuraku Ryokouki
グッド・ラック・ボール,Good Luck Ball
百色ふぉとぐらふ,Hyakuiro Photograph
をとめ大学,"Otome Daigaku"
虹待ちレインドロップ,Nijimachi Raindrop
紅いろは、白,"Beni Iroha, Shiro"
スタンド・バイ,"Stand by"
秘密のがんばり,Himitsu no Ganbari
光の想い出,Hikari no Omoida
アイ・セーブ・ユー,I Save You
ブルーミングハート,Blooming Heart
こころに恋,Kokoro ni Koi
腹が減っては遊びはできぬ,Hara ga Hette wa Asobi wa Dekinu
トリプルイルミネーション,Triple Illumination
お揃いスナップ,Osoroi Snap
スプラッシュビート,Splash Beat
はじまりのエピローグ,Hajimari no Epilogue
冬街イルミネート,Fuyumachi Illuminate
駅線上の日常,Ekisenjou no Nichijou
みんなと結んだもの,Minna to Musundamono
風野署長の一日勤務回想録,Kazano Shochou no Ichinichi Kinmu Kaisouroku
星合アステリズム,"Hoshiai Asterism"
スタァライトショウタイム,"Starlight Showtime"
キャプテン★パンプキン,Captain Pumpkin
花笑み咲匂う,"Hanaemi Sakiniou"
ふっふ～ん、ふふ～ん♪,"Fuffuun, Fufuun"
これ、なんの話～？,"Kore, Nanno Hanashi~?"
夏、どがんね～？,"Natsu, Doganne~?"
ゴシックデコレーション,Gothic Decoration
闇鍋上等,Yaminabe Joutou
夜夜中ワンダーラスト,Yoruyonaka Wanderlust
きまぐれのめぐみ,Kimagure no Megumi
指先の煌めき,Yubisaki no Kirameki
街角フラワーガーデン,Machikado Flower Garden
月映えのソワレ,Tsukibae no Soiree
等身大のレイニーデイ,Toushindai no Rainy Day
"ハロー、私の「いつも通り」","Hello, Watashi no ""Itsumo Doori"""
霧・霧・奇・譚,Kiri Kiri Ki Tan
娘・娘・謹・賀,Jou Jou Kin Ga
我・思・君・思,"Gashi Kunshi"
潜・潜・夏・娘,"Senzen Kajou"
ヒーローインザパーク,Hero in the Park
鉄板★絶品★海の家,Teppan Zeppin Umi no Ie
雨のち、マイヒーロー,"Ame no chi, My Hero"
放課後★肝試しパニック,Houkago Kimodameshi Panic
桜餅マスター……？,Sakuramochi Master...?
紅蘭偉魔空珠に挑め！,CLIMAX ni Idome!
未知なるFROZEN,Michinaru FROZEN
スリープオーバーベイビー,"Sleepover Baby"
ふれんど日和,Furendo Biyori
凛世夕町物語,Rinze Yuumachi Monogatari
常夏CLIMAX,"Tokonatsu CLIMAX"
熱血指導！,Nekketsu Shidou!
遊びも本気で,Asobi mo Honki de
#ナッツ・チョコジェリー,#Nuts Choco Jelly
月刊CLIMAX,GEKKAN CLIMAX
幸せのりんご飴,Shiawase no Ringo Ame
まだ……寝ないから……,Mada... Nenai kara....
お菓子なティータイム,Okashina Teatime
ハッピーの答えはどこに？,"Happy no Kotae wa Doko ni?"
楽園に背く,Gakuen ni Somuku
彩りファッションドール,Irodori Fashion Doll
身支度はお任せ☆,Mijitaku wa Omakase
かしまし、みっつの願いごと,"Kashimashi, Mittsu no Negaigoto"
先生のお時間,Sensei no Ojikan
永遠のCarol,Eien no Carol
トキ・メキ・タコさん,Tokimeki Taco-san
スパイシーベリィデコレイト,Spicy Berry Decorate
なるんじゃん？,Narunjyan?
